{"cameraMode":{"drawMode":0,"name":"Shaded","section":"Shading Mode"},"sceneLighting":false,"audioPlay":false,"sceneViewState":{"showFog":true,"showMaterialUpdate":false,"showSkybox":true,"showFlares":true,"showImageEffects":true,"showParticleSystems":true},"in2DMode":false,"pivot":{"x":-234.5,"y":166.43142700195313,"z":152.8000030517578},"rotation":{"x":0.001543079619295895,"y":-0.9694323539733887,"z":0.2452782541513443,"w":0.006099328864365816},"size":250.09439086914063,"orthographic":false}