{"cameraMode":{"drawMode":0,"name":"Shaded","section":"Shading Mode"},"sceneLighting":false,"audioPlay":false,"sceneViewState":{"showFog":true,"showMaterialUpdate":false,"showSkybox":true,"showFlares":true,"showImageEffects":true,"showParticleSystems":true},"in2DMode":false,"pivot":{"x":109.19999694824219,"y":201.00778198242188,"z":94.10000610351563},"rotation":{"x":0.001543079619295895,"y":-0.9694323539733887,"z":0.2452782541513443,"w":0.006099328864365816},"size":623.3194580078125,"orthographic":false}