{"cameraMode":{"drawMode":0,"name":"Shaded","section":"Shading Mode"},"sceneLighting":false,"audioPlay":false,"sceneViewState":{"showFog":true,"showMaterialUpdate":false,"showSkybox":true,"showFlares":true,"showImageEffects":true,"showParticleSystems":true},"in2DMode":false,"pivot":{"x":-256.5,"y":158.531005859375,"z":226.48739624023438},"rotation":{"x":-0.007469961419701576,"y":0.9725115895271301,"z":-0.2305927723646164,"w":-0.03150394186377525},"size":411.9847106933594,"orthographic":false}