{"cameraMode":{"drawMode":0,"name":"Shaded","section":"Shading Mode"},"sceneLighting":false,"audioPlay":false,"sceneViewState":{"showFog":true,"showMaterialUpdate":false,"showSkybox":true,"showFlares":true,"showImageEffects":true,"showParticleSystems":true},"in2DMode":false,"pivot":{"x":-65.22029876708985,"y":175.91024780273438,"z":76.00000762939453},"rotation":{"x":-0.007469961419701576,"y":0.9725115895271301,"z":-0.2305927723646164,"w":-0.03150394186377525},"size":217.32667541503907,"orthographic":false}