{"cameraMode":{"drawMode":0,"name":"Shaded","section":"Shading Mode"},"sceneLighting":false,"audioPlay":false,"sceneViewState":{"showFog":true,"showMaterialUpdate":false,"showSkybox":true,"showFlares":true,"showImageEffects":true,"showParticleSystems":true},"in2DMode":false,"pivot":{"x":-269.5782775878906,"y":178.72796630859376,"z":67.10004425048828},"rotation":{"x":-0.007469961419701576,"y":0.9725115895271301,"z":-0.2305927723646164,"w":-0.03150394186377525},"size":497.00860595703127,"orthographic":false}