{"cameraMode":{"drawMode":0,"name":"Shaded","section":"Shading Mode"},"sceneLighting":false,"audioPlay":false,"sceneViewState":{"showFog":true,"showMaterialUpdate":false,"showSkybox":true,"showFlares":true,"showImageEffects":true,"showParticleSystems":true},"in2DMode":false,"pivot":{"x":-312.1000061035156,"y":192.0397186279297,"z":-111.30000305175781},"rotation":{"x":-0.007469961419701576,"y":0.9725115895271301,"z":-0.2305927723646164,"w":-0.03150394186377525},"size":422.5966491699219,"orthographic":false}