{"cameraMode":{"drawMode":0,"name":"Shaded","section":"Shading Mode"},"sceneLighting":false,"audioPlay":false,"sceneViewState":{"showFog":true,"showMaterialUpdate":false,"showSkybox":true,"showFlares":true,"showImageEffects":true,"showParticleSystems":true},"in2DMode":false,"pivot":{"x":-318.1618347167969,"y":-82.76861572265625,"z":-220.3427734375},"rotation":{"x":0.011494863778352738,"y":0.9815283417701721,"z":-0.18044540286064149,"w":0.06252630800008774},"size":2596.9990234375,"orthographic":false}