{"cameraMode":{"drawMode":0,"name":"Shaded","section":"Shading Mode"},"sceneLighting":false,"audioPlay":false,"sceneViewState":{"showFog":true,"showMaterialUpdate":false,"showSkybox":true,"showFlares":true,"showImageEffects":true,"showParticleSystems":true},"in2DMode":false,"pivot":{"x":-85.51594543457031,"y":231.24905395507813,"z":319.5},"rotation":{"x":-0.007469961419701576,"y":0.9725115895271301,"z":-0.2305927723646164,"w":-0.03150394186377525},"size":361.88873291015627,"orthographic":false}