{"cameraMode":{"drawMode":0,"name":"Shaded","section":"Shading Mode"},"sceneLighting":false,"audioPlay":false,"sceneViewState":{"showFog":true,"showMaterialUpdate":false,"showSkybox":true,"showFlares":true,"showImageEffects":true,"showParticleSystems":true},"in2DMode":false,"pivot":{"x":723.71337890625,"y":393.1111755371094,"z":57.710693359375},"rotation":{"x":0.1256421059370041,"y":-0.07195371389389038,"z":0.009140857495367527,"w":0.9894206523895264},"size":389.8077697753906,"orthographic":false}